decision_date,meeting_start,type,source
2015-01-28,2015-01-27,scheduled,fomchistorical2015
2015-03-18,2015-03-17,scheduled,fomchistorical2015
2015-04-29,2015-04-28,scheduled,fomchistorical2015
2015-06-17,2015-06-16,scheduled,fomchistorical2015
2015-07-29,2015-07-28,scheduled,fomchistorical2015
2015-09-17,2015-09-16,scheduled,fomchistorical2015
2015-10-28,2015-10-27,scheduled,fomchistorical2015
2015-12-16,2015-12-15,scheduled,fomchistorical2015
2016-01-27,2016-01-26,scheduled,fomchistorical2016
2016-03-16,2016-03-15,scheduled,fomchistorical2016
2016-04-27,2016-04-26,scheduled,fomchistorical2016
2016-06-15,2016-06-14,scheduled,fomchistorical2016
2016-07-27,2016-07-26,scheduled,fomchistorical2016
2016-09-21,2016-09-20,scheduled,fomchistorical2016
2016-11-02,2016-11-01,scheduled,fomchistorical2016
2016-12-14,2016-12-13,scheduled,fomchistorical2016
2017-02-01,2017-01-31,scheduled,fomchistorical2017
2017-03-15,2017-03-14,scheduled,fomchistorical2017
2017-05-03,2017-05-02,scheduled,fomchistorical2017
2017-06-14,2017-06-13,scheduled,fomchistorical2017
2017-07-26,2017-07-25,scheduled,fomchistorical2017
2017-09-20,2017-09-19,scheduled,fomchistorical2017
2017-11-01,2017-10-31,scheduled,fomchistorical2017
2017-12-13,2017-12-12,scheduled,fomchistorical2017
2018-01-31,2018-01-30,scheduled,fomchistorical2018
2018-03-21,2018-03-20,scheduled,fomchistorical2018
2018-05-02,2018-05-01,scheduled,fomchistorical2018
2018-06-13,2018-06-12,scheduled,fomchistorical2018
2018-08-01,2018-07-31,scheduled,fomchistorical2018
2018-09-26,2018-09-25,scheduled,fomchistorical2018
2018-11-08,2018-11-07,scheduled,fomchistorical2018
2018-12-19,2018-12-18,scheduled,fomchistorical2018
2019-01-30,2019-01-29,scheduled,fomchistorical2019
2019-03-20,2019-03-19,scheduled,fomchistorical2019
2019-05-01,2019-04-30,scheduled,fomchistorical2019
2019-06-19,2019-06-18,scheduled,fomchistorical2019
2019-07-31,2019-07-30,scheduled,fomchistorical2019
2019-09-18,2019-09-17,scheduled,fomchistorical2019
2019-10-30,2019-10-29,scheduled,fomchistorical2019
2019-12-11,2019-12-10,scheduled,fomchistorical2019
2020-01-29,2020-01-28,scheduled,fomchistorical2020
2020-03-03,2020-03-02,unscheduled,fomchistorical2020
2020-03-15,2020-03-15,unscheduled,fomchistorical2020
2020-04-29,2020-04-28,scheduled,fomchistorical2020
2020-06-10,2020-06-09,scheduled,fomchistorical2020
2020-07-29,2020-07-28,scheduled,fomchistorical2020
2020-09-16,2020-09-15,scheduled,fomchistorical2020
2020-11-05,2020-11-04,scheduled,fomchistorical2020
2020-12-16,2020-12-15,scheduled,fomchistorical2020
2021-01-27,2021-01-26,scheduled,fomccalendars
2021-03-17,2021-03-16,scheduled,fomccalendars
2021-04-28,2021-04-27,scheduled,fomccalendars
2021-06-16,2021-06-15,scheduled,fomccalendars
2021-07-28,2021-07-27,scheduled,fomccalendars
2021-09-22,2021-09-21,scheduled,fomccalendars
2021-11-03,2021-11-02,scheduled,fomccalendars
2021-12-15,2021-12-14,scheduled,fomccalendars
2022-01-26,2022-01-25,scheduled,fomccalendars
2022-03-16,2022-03-15,scheduled,fomccalendars
2022-05-04,2022-05-03,scheduled,fomccalendars
2022-06-15,2022-06-14,scheduled,fomccalendars
2022-07-27,2022-07-26,scheduled,fomccalendars
2022-09-21,2022-09-20,scheduled,fomccalendars
2022-11-02,2022-11-01,scheduled,fomccalendars
2022-12-14,2022-12-13,scheduled,fomccalendars
2023-02-01,2023-01-31,scheduled,fomccalendars
2023-03-22,2023-03-21,scheduled,fomccalendars
2023-05-03,2023-05-02,scheduled,fomccalendars
2023-06-14,2023-06-13,scheduled,fomccalendars
2023-07-26,2023-07-25,scheduled,fomccalendars
2023-09-20,2023-09-19,scheduled,fomccalendars
2023-11-01,2023-10-31,scheduled,fomccalendars
2023-12-13,2023-12-12,scheduled,fomccalendars
2024-01-31,2024-01-30,scheduled,fomccalendars
2024-03-20,2024-03-19,scheduled,fomccalendars
2024-05-01,2024-04-30,scheduled,fomccalendars
2024-06-12,2024-06-11,scheduled,fomccalendars
2024-07-31,2024-07-30,scheduled,fomccalendars
2024-09-18,2024-09-17,scheduled,fomccalendars
2024-11-07,2024-11-06,scheduled,fomccalendars
2024-12-18,2024-12-17,scheduled,fomccalendars
2025-01-29,2025-01-28,scheduled,fomccalendars
2025-03-19,2025-03-18,scheduled,fomccalendars
2025-05-07,2025-05-06,scheduled,fomccalendars
2025-06-18,2025-06-17,scheduled,fomccalendars
2025-07-30,2025-07-29,scheduled,fomccalendars
2025-09-17,2025-09-16,scheduled,fomccalendars
2025-10-29,2025-10-28,scheduled,fomccalendars
2025-12-10,2025-12-09,scheduled,fomccalendars
2026-01-28,2026-01-27,scheduled,fomccalendars
2026-03-18,2026-03-17,scheduled,fomccalendars
2026-04-29,2026-04-28,scheduled,fomccalendars
2026-06-17,2026-06-16,scheduled,fomccalendars
2026-07-29,2026-07-28,scheduled,fomccalendars
2026-09-16,2026-09-15,scheduled,fomccalendars
2026-10-28,2026-10-27,scheduled,fomccalendars
2026-12-09,2026-12-08,scheduled,fomccalendars
