date,open,high,low,close,volume
2013-04-30,67.99052,68.103314,67.99052,68.0872,23324978
2013-05-31,68.092578,68.108694,67.971703,67.995878,16531685
2013-06-28,68.001568,68.057988,67.81619,67.929029,34309972
2013-07-31,67.926801,68.047724,67.87037,68.039663,23685748
2013-08-30,68.022278,68.078722,67.885202,67.973898,26071162
2013-09-30,67.915471,68.125161,67.78643,68.125161,26104206
2013-10-31,68.115853,68.180387,68.019051,68.17232,28336494
2013-11-29,68.155428,68.236114,68.131223,68.236114,19389361
2013-12-31,68.146572,68.227276,68.082634,68.114924,16639592
2014-01-31,68.131069,68.252155,68.058417,68.252155,17432391
2014-02-28,68.238324,68.295734,68.189876,68.278697,82647333
2014-03-31,68.285442,68.317747,68.09161,68.204679,68643036
2014-04-30,68.181414,68.318746,68.136983,68.278354,20654802
2014-05-30,68.263022,68.424629,68.2307,68.400388,14203948
2014-06-30,68.37824,68.426736,68.224672,68.34591,13708959
2014-07-31,68.34981,68.357895,68.220452,68.293216,25518994
2014-08-29,68.314942,68.484779,68.314942,68.420079,37433048
2014-09-30,68.394271,68.422587,68.289099,68.37,29305382
2014-10-31,68.426891,69.090522,68.362146,68.548287,77840473
2014-11-28,68.587553,68.636128,68.466116,68.619936,53717136
2014-12-31,68.66775,68.683947,68.338181,68.419198,19746010
2015-01-30,68.451605,68.84859,68.435402,68.84859,15861442
2015-02-27,68.84292,68.851025,68.543039,68.648403,18743240
2015-03-31,68.624918,68.819507,68.511408,68.819507,19269278
2015-04-30,68.816818,68.930377,68.785184,68.841152,25591918
2015-05-29,68.812962,68.902224,68.748044,68.869765,30436221
2015-06-30,68.891529,68.915884,68.672417,68.891529,34025715
2015-07-31,68.840896,69.027699,68.800286,68.922114,49932645
2015-08-31,68.896149,69.107412,68.806769,68.888024,48551221
2015-09-30,68.92037,69.099215,68.822819,69.091086,51304898
2015-10-30,69.090959,69.229222,68.985228,68.993362,63999060
2015-11-30,68.929199,68.986159,68.782732,68.81528,60034157
2015-12-31,68.799893,68.889445,68.637073,68.712878,47854868
2016-01-29,68.81062,69.160864,68.753604,69.160864,52635454
2016-02-29,69.14061,69.415656,69.108012,69.238404,36041180
2016-03-31,69.243932,69.358088,68.942233,69.333626,53820120
2016-04-29,69.29333,69.399395,69.202195,69.358601,33783563
2016-05-31,69.341489,69.472025,69.194545,69.276181,33517612
2016-06-30,69.276632,69.717729,69.227622,69.693223,31302073
2016-07-29,69.74257,69.758916,69.505544,69.660837,32123588
2016-08-31,69.604478,69.678082,69.457271,69.498162,25273265
2016-09-30,69.48185,69.64551,69.465484,69.588229,39182704
2016-10-31,69.58716,69.58716,69.431594,69.554409,34179178
2016-11-30,69.530326,69.63683,69.186238,69.227201,59430739
2016-12-30,69.18585,69.292415,69.046494,69.276535,33143808
2017-01-31,69.210909,69.374974,69.194503,69.350365,32630290
2017-02-28,69.28551,69.498923,69.260885,69.3758,21609910
2017-03-31,69.296546,69.460815,69.181559,69.419748,21254976
2017-04-28,69.434941,69.615762,69.385627,69.550009,16822774
2017-05-31,69.518645,69.617346,69.411718,69.600896,18045707
2017-06-30,69.554459,69.636772,69.513303,69.546228,23039669
2017-07-31,69.54371,69.683753,69.486046,69.675516,17700451
2017-08-31,69.659749,69.832889,69.659749,69.816399,17398255
2017-09-29,69.809834,69.908855,69.661302,69.686058,15199804
2017-10-31,69.688173,69.828573,69.572549,69.622102,20834859
2017-11-30,69.579476,69.653874,69.455477,69.47201,25443282
2017-12-29,69.48734,69.561809,69.391378,69.457646,24162856
2018-01-31,69.457646,69.457646,69.217423,69.258841,27025638
2018-02-28,69.255683,69.404941,69.131302,69.189346,31490308
2018-03-29,69.219519,69.368931,69.169714,69.360631,29358872
2018-04-30,69.347693,69.414174,69.148251,69.198112,33464507
2018-05-31,69.200694,69.587593,69.134131,69.441986,47551534
2018-06-29,69.397296,69.505625,69.280634,69.472293,67131575
2018-07-31,69.488881,69.513919,69.397075,69.430459,38826980
2018-08-31,69.428865,69.679662,69.420505,69.671302,37461182
2018-09-28,69.663942,69.705807,69.496481,69.571838,24821528
2018-10-31,69.577649,69.770547,69.49378,69.678291,69654204
2018-11-30,69.69974,69.96019,69.590519,69.943386,57003792
2018-12-31,69.903246,70.517045,69.886414,70.474905,108534088
2019-01-31,70.483333,70.668749,70.317217,70.651893,84011010
2019-02-28,70.619988,70.746638,70.552441,70.712864,75457230
2019-03-29,70.6827,71.232529,70.648864,71.156399,56555307
2019-04-30,71.117227,71.286735,71.032473,71.286735,56026864
2019-05-31,71.266665,71.827085,71.190244,71.801611,49160972
2019-06-28,71.86855,72.191861,71.826009,72.132303,101896878
2019-07-31,72.133111,72.197039,71.941324,72.086229,35824464
2019-08-30,72.120405,72.67971,72.111866,72.649823,52803088
2019-09-30,72.663701,72.766346,72.261677,72.552503,48964496
2019-10-31,72.496816,72.882346,72.496816,72.779538,46536621
2019-11-29,72.753412,72.779156,72.547457,72.74483,41328926
2019-12-31,72.705409,72.891736,72.645244,72.857301,37428006
2020-01-31,72.891736,73.296356,72.86591,73.279138,46299954
2020-02-28,73.257465,73.955894,73.119504,73.921404,50358179
2020-03-31,74.020679,74.936007,73.891151,74.84102,260889387
2020-04-30,74.889442,75.045065,74.777047,75.045065,101891605
2020-05-29,74.951926,75.047109,74.908661,74.986538,70509508
2020-06-30,74.98226,75.02123,74.874011,75.00391,83833896
2020-07-31,75.013127,75.073789,74.978463,75.073789,65474799
2020-08-31,75.056831,75.082845,74.987463,75.056831,57432255
2020-09-30,75.038726,75.064754,75.004022,75.056078,56233534
2020-10-30,75.03876,75.05612,74.99536,75.0214,72432656
2020-11-30,75.014978,75.037556,74.950717,75.037556,59952074
2020-12-31,75.005302,75.076515,74.987928,75.067825,54278584
2021-01-29,75.059134,75.093896,75.015682,75.085206,54265569
2021-02-26,75.089645,75.093992,74.91143,75.041831,59575919
2021-03-31,75.034905,75.052297,74.96534,75.000123,70423171
2021-04-30,74.999525,75.051711,74.956037,75.043013,45938190
2021-05-28,75.031916,75.097157,75.018868,75.088459,57094554
2021-06-30,75.072863,75.098963,74.868411,74.959762,59486454
2021-07-30,74.953836,75.084357,74.936433,75.080006,48100636
2021-08-31,75.095188,75.138702,74.973351,75.060378,39820727
2021-09-30,75.061081,75.071526,74.932263,74.984487,41025283
2021-10-29,75.002487,75.019897,74.654286,74.732631,69922322
2021-11-30,74.689958,74.872787,74.541954,74.689958,62172024
2021-12-31,74.624548,74.698594,74.454506,74.531389,74777416
2022-01-31,74.452972,74.487824,73.973754,74.01732,108230949
2022-02-28,74.033267,74.055056,73.375252,73.697723,102473355
2022-03-31,73.846284,73.981414,72.563248,72.664988,109469623
2022-04-29,72.504771,72.792592,72.182063,72.304169,122230789
2022-05-31,72.316046,72.889287,72.141518,72.734916,130398687
2022-06-30,72.695393,72.721593,71.560074,72.302398,139328957
2022-07-29,72.480724,72.642443,71.978083,72.598735,150453337
2022-08-31,72.5972,72.614701,71.975888,72.010891,130112761
2022-09-30,71.967506,72.142737,70.968687,71.15268,135527380
2022-10-31,71.300091,71.422916,70.826336,71.063213,115349354
2022-11-30,71.169282,71.555976,70.800165,71.555976,125569154
2022-12-30,71.59159,71.913901,71.490316,71.640296,121316700
2023-01-31,71.746208,72.275765,71.622644,72.196332,104684788
2023-02-28,72.187885,72.384187,71.544155,71.614895,102866234
2023-03-31,71.55047,73.309218,71.306815,72.795327,173860493
2023-04-28,72.724443,73.3549,72.617887,72.973074,84348738
2023-05-31,72.894013,73.517039,72.390163,72.698205,121292526
2023-06-30,72.756244,72.838325,72.280707,72.338699,122516962
2023-07-31,72.290413,72.791312,72.048908,72.558751,96661173
2023-08-31,72.524524,72.86531,72.470716,72.856342,97464456
2023-09-29,72.942482,72.942572,72.618813,72.798629,89478685
2023-10-31,72.734685,73.104263,72.671586,73.041164,109445887
2023-11-30,73.041479,73.891219,73.041479,73.809861,125819213
2023-12-29,73.825265,74.651329,73.816197,74.624041,113848001
2024-01-31,74.53308,74.942403,74.44212,74.860538,109405405
2024-02-29,74.971946,75.044929,74.397203,74.570538,113180285
2024-03-28,74.607557,74.90035,74.543508,74.827152,65721999
2024-04-30,74.80004,74.845941,74.405293,74.497094,88035258
2024-05-31,74.553842,75.088014,74.517003,75.032755,68461615
2024-06-28,75.033579,75.532509,75.033579,75.440114,52807741
2024-07-31,75.384407,76.329957,75.356597,76.329957,71942147
2024-08-30,76.360147,77.113518,76.350846,77.011208,102490628
2024-09-30,77.065579,77.746915,77.065579,77.606915,94786036
2024-10-31,77.655638,77.73055,77.056342,77.12189,84095287
2024-11-29,77.217833,77.358776,76.954834,77.34938,76548652
2024-12-31,77.30724,77.562693,77.245821,77.543775,85713742
2025-01-31,77.557964,77.865377,77.382975,77.837,64992813
2025-02-28,77.811846,78.409742,77.697962,78.409742,61020728
2025-03-31,78.346094,78.793514,78.336575,78.755436,80300364
2025-04-30,78.764786,79.39521,78.621604,79.39521,145533884
2025-05-30,79.423184,79.432766,78.819533,79.193222,78506910
2025-06-30,79.151693,79.656395,79.031526,79.656395,63580207
2025-07-31,79.621754,79.698907,79.438516,79.583178,73277127
2025-08-29,79.873292,80.308701,79.873292,80.28935,79203198
2025-09-30,80.234384,80.646887,80.229531,80.52071,71482031
2025-10-31,80.624156,80.945445,80.585212,80.789669,99415715
2025-11-28,80.782575,81.173254,80.753274,81.143953,87039057
2025-12-31,81.10361,81.431922,81.025239,81.38279,79412867
2026-01-30,81.431922,81.569493,81.343484,81.54984,85721702
2026-02-27,81.544867,82.003178,81.480802,81.983466,85614428
2026-03-31,81.907352,81.917234,81.255097,81.60099,152704401
2026-04-30,81.592966,81.93494,81.528635,81.756519,83657093
2026-05-29,81.754319,81.878589,81.520693,81.81894,62566244
2026-06-30,81.737079,81.971397,81.622413,81.871687,75339260
2026-07-17,81.860000,82.09,81.79,81.99,40599301
